Scrip Name,Scrip Code,Symbol,ISIN,Scrip Opt,Open Qty,Avg Rate,Open Amt
ADANIENT,,ADANIENT,INE423A01024,EQ,12,2353.75,28245.00
ADANIPORTS,,ADANIPORTS,INE742F01042,EQ,37,866.78,32070.86
ALOKINDS,,ALOKINDS,INE270A01029,EQ,1563,19.93,31150.59
AMBUJACEM,,AMBUJACEM,INE079A01024,EQ,61,502.47,30650.67
ARE&M,,ARE&M,INE885A01032,EQ,37,684.62,25330.94
AXISCADES,,AXISCADES,INE555B01013,EQ,11,1371.64,15088.04
BANDHANBNK,,BANDHANBNK,INE545U01014,EQ,82,374.58,30715.56
BANKBARODA,,BANKBARODA,INE028A01039,EQ,150,135.23,20284.50
BEL,,BEL,INE263A01024,EQ,201,150.03,30156.03
BHEL,,BHEL,INE257A01026,EQ,252,119.84,30199.68
BPCL,,BPCL,INE029A01011,EQ,138,218.08,30095.04
CDSL,,CDSL,INE736A01011,EQ,11,1470.00,16170.00
CESC,,CESC,INE486A01021,EQ,235,107.23,25199.05
COALINDIA,,COALINDIA,INE522F01014,EQ,52,390.50,20306.00
CROMPTON,,CROMPTON,INE299U01018,EQ,106,285.95,30310.70
DHFL,,DHFL,INE202B01012,EQ,1000,13.85,13850.00
EDELWEISS,,EDELWEISS,INE532F01054,EQ,140,108.72,15220.80
EMBASSY,,EMBASSY,INE041025011,EQ,92,392.36,36097.12
EMBDL,,EMBDL,INE069I01010,EQ,310,97.04,30082.40
ENGINERSIN,,ENGINERSIN,INE510A01028,EQ,218,115.41,25159.38
ELVEXIA,,ELVEXIA,INE313M01030,EQ,180,2.29,412.20
EXIDEIND,,EXIDEIND,INE302A01020,EQ,101,252.33,25485.33
FEDERALBNK,,FEDERALBNK,INE171A01029,EQ,185,167.64,31013.40
Genpharma,,Genpharma,INE944C01032,EQ,100,5.10,510.00
GOLDBEES,,GOLDBEES,INF204KB17I5,EQ,513,117.37,60210.81
GRANULES,,GRANULES,INE101D01020,EQ,64,391.40,25049.60
GRSE,,GRSE,INE382Z01011,EQ,13,2486.85,32329.05
GTLINFRA,,GTLINFRA,INE221H01019,EQ,500,1.10,550.00
HDFCBANK,,HDFCBANK,INE040A01034,EQ,59,761.48,44927.32
HDFCLIFE,,HDFCLIFE,INE795G01014,EQ,49,627.22,30733.78
HINDALCO,,HINDALCO,INE038A01020,EQ,52,578.15,30063.80
HINDCOPPER,,HINDCOPPER,INE531E01026,EQ,164,182.91,29997.24
HINDZINC,,HINDZINC,INE267A01025,EQ,54,553.93,29912.22
IDFCFIRSTB,,IDFCFIRSTB,INE092T01019,EQ,525,57.45,30161.25
INDIACEM,,INDIACEM,INE383A01012,EQ,118,257.47,30381.46
INDIGO,,INDIGO,INE646L01027,EQ,6,1650.00,9900.00
INDUSINDBK,,INDUSINDBK,INE095A01012,EQ,31,975.54,30241.74
INDUSTOWER,,INDUSTOWER,INE121J01017,EQ,138,185.30,25571.40
INFY,,INFY,INE009A01021,EQ,15,1392.20,20883.00
IRCTC,,IRCTC,INE335Y01020,EQ,35,834.50,29207.50
IRFC,,IRFC,INE053F01010,EQ,697,54.11,37714.67
ITC,,ITC,INE154A01025,EQ,119,338.07,40230.33
JIOFIN,,JIOFIN,INE758E01017,EQ,61,227.48,13876.28
KSOLVES,,KSOLVES,INE0D6I01023,EQ,61,296.38,18079.18
LAURUSLABS,,LAURUSLABS,INE947Q01028,EQ,68,443.53,30160.04
LTM,,LTM,INE214T01019,EQ,7,4600.49,32203.43
MAXHEALTH,,MAXHEALTH,INE027H01010,EQ,17,1218.91,20721.47
NH,,NH,INE410P01011,EQ,9,1744.10,15696.90
NXST,,NXST,INE0NDH25011,EQ,214,144.49,30920.86
ONGC,,ONGC,INE213A01029,EQ,195,206.30,40228.50
ONESOURCE,,ONESOURCE,INE013P01021,EQ,21,103.92,2182.32
PNB,,PNB,INE160A01022,EQ,552,54.78,30238.56
POWERGRID,,POWERGRID,INE752E01010,EQ,152,196.07,29802.64
PPLPHARMA,,PPLPHARMA,INE0DK501011,EQ,85,174.14,14801.90
RALLIS,,RALLIS,INE613A01020,EQ,129,234.31,30225.99
RBLBANK,,RBLBANK,INE976G01028,EQ,135,148.89,20100.15
RELIANCE,,RELIANCE,INE002A01018,EQ,32,1304.56,41745.92
RHFL,,RHFL,INE217K01011,EQ,170,3.00,510.00
SAIL,,SAIL,INE114A01011,EQ,270,111.36,30067.20
SGBMAR30X,,SGBMAR30X,IN0020210319,EQ,4,5700.00,22800.00
SGBMAR31IV,,SGBMAR31IV,IN0020220169,EQ,4,6011.00,24044.00
SILVERBEES,,SILVERBEES,INF204KC1402,EQ,278,198.45,55169.10
SPICEJET,,SPICEJET,INE285B01017,EQ,436,57.52,25078.72
STAR,,STAR,INE939A01011,EQ,42,435.95,18309.90
SUNTV,,SUNTV,INE424H01027,EQ,38,537.55,20426.90
TATAGOLD,,TATAGOLD,INF277KA1976,EQ,2115,14.72,31132.80
TATATECH,,TATATECH,INE142M01025,EQ,50,680.12,34006.00
TCS,,TCS,INE467B01029,EQ,13,3024.24,39315.12
TMCV,,TMCV,INE1TAE01010,EQ,62,335.39,20794.18
TMPV,,TMPV,INE155A01022,EQ,49,426.79,20912.71
UEL,,UEL,INE899L01030,EQ,186,0.00,0.00
Vaaml,,Vaaml,INE1CDF01017,EQ,117,92.46,10817.82
VEDL,,VEDL,INE205A01025,EQ,113,178.09,20124.17
VEDpower,,VEDpower,INE694L01019,EQ,297,35.72,10608.84
Visil,,Visil,INE1CLE01013,EQ,97,21.13,2049.61
Vogl,,Vogl,INE704J01044,EQ,202,52.43,10590.86
YESBANK,,YESBANK,INE528G01035,EQ,1571,16.19,25434.49